﻿Designator,Footprint,Quantity,Value,LCSC Part #
B1,fireflyTouch,1,~,
BT1,14500 Holder,1,Battery_Cell,
"C1, C5, C6",0805,3,22uF,
"C2, C4",0805,2,4.7uF,
C7,0805,1,0.1uF,
FID1,Fiducial_1.5mm_Mask3mm,1,Fiducial,
IC1,SOP65P490X110-8N,1,PAM2401SCADJ,
IC2,SON50P300X300X100-11N-D,1,MCP73123T-22SI_MF,
J1,USB-C_PWR,1,USB_C_Receptacle_PowerOnly_6P,
"J2, J3, J4",PinHeader_1x03_P2.54mm_Vertical_SMD_Pin1Left,3,Conn_01x03,
J5,spares_1*3,1,Conn_01x03,
J6,PinSocket_1x05_P2.54mm_Vertical_SMD_Pin1Left,1,Conn_01x05_Pin,
L1,SRN2510BTA2R2M,1,SRN2510BTA-2R2M,
LED1,INS124ARUW,1,IN-S124ARUW,
"R10, R9",0805,2,0,
"R11, R12",0805,2,10k,
R13,0805,1,1M,
"R2, R4, R5",0805,3,5.1k,
"R3, R8",0805,2,100K,
R6,0805,1,1K,
R7,0805,1,750K,
S1,SW_PTS526_SM08_SMTR2_LFS,1,PTS526_SM08_SMTR2_LFS,
SW1,PinHeader_2x01_P2.54mm_Vertical_SMD,1,TILT,
U1,SOT95P237X112-3N,1,MCP809T-270I_TT,
U2,SOIC-14_3.9x8.7mm_P1.27mm,1,ATtiny1614-SS,
