﻿Designator,Footprint,Quantity,Value,LCSC Part #
B1,fireflyTouch,1,~,
BT1,14500 Holder,1,Battery_Cell,
"C1, C2, C3",1206,3,22uF,
C4,1206,1,10uF,
C5,1206,1,4.7uF,
D1,LED_IN-S124ARUW,1,IN-S124ARUW,
IC1,SOP65P490X110-8N,1,PAM2401SCADJ,
"J1, J2, J3, J4",PinHeader_1x03_P2.54mm_Vertical_SMD_Pin1Left,4,Conn_01x03,
L1,SRN2510BTA2R2M,1,SRN2510BTA-2R2M,
"R1, R2, R6",1206,3,10k,
"R3, R4",1206,2,750K,
R5,1206,1,100K,
R7,1206,1,1K,
SW2,PinHeader_2x01_P2.54mm_Vertical_SMD,1,TILT,
U1,USB-C_PWR,1,USB-C_PWR,
U2,SOIC-14_3.9x8.7mm_P1.27mm,1,ATtiny1614-SS,
U3,SOT-23-5,1,MCP73831-2-OT,
