﻿Designator,Footprint,Quantity,Value,LCSC Part #
B1,fireflyTouch,1,~,
BT1,14500 Holder,1,Battery_Cell,
"C1, C7",0805,2,0.1uF,
"C2, C3, C6",0805,3,22uF,
"C4, C5",0805,2,4.7uF,
D1,SOT23-R,1,BAT54C,
FID1,Fiducial_1.5mm_Mask3mm,1,Fiducial,
IC1,SOP65P490X110-8N,1,PAM2401SCADJ,
IC2,SON50P300X300X100-11N-D,1,MCP73123T-22SI_MF,
J1,USB-C_PWR,1,USB_C_Receptacle_PowerOnly_6P,
J2,PinSocket_1x05_P2.54mm_Vertical_SMD_Pin1Left,1,Conn_01x05_Pin,
J3,spares_1*3,1,Conn_01x03,
"J4, J5, J6",fairy_conn,3,Conn_01x03,
L1,SRN2510BTA2R2M,1,SRN2510BTA-2R2M,
LED1,INS124ARUW,1,IN-S124ARUW,
Q1,SOT-23,1,AO3400A,
Q2,SOT-23,1,AO3401A,
"R1, R13",0805,2,10K,
"R10, R8, R9",0805,3,5.1k,
"R11, R12, R14, R2, R3",0805,5,1M,
"R15, R16",0805,2,0,
"R4, R5",0805,2,750K,
R6,0805,1,100K,
R7,0805,1,1K,
SW1,PinHeader_2x01_P2.54mm_Vertical_SMD,1,TILT,
U8,SOIC-14_3.9x8.7mm_P1.27mm,1,ATtiny1614-SS,
